<?xml version="1.0" encoding="utf-8"?>
<?xml-stylesheet type='text/xsl' href='ConversionLogFile.xsl'?>
<LogFile projectName="V20_at_S7-1200_MB_proj_V14_V15" typeText="Typ" messageText="Meldung" timeText="Zeit">
  <MessageCell ServiceId="80" MessageId="30" MessageClass="Information" Timestamp="17.07.2018 10:19:36">
    <Number ServiceNumber="80" MessageNumber="30" />
    <Text FeedbackText="Hochrüsten gestartet" />
    <Help HelpId="-1" />
  </MessageCell>
  <MessageCell ServiceId="80" MessageId="30" MessageClass="Information" Timestamp="17.07.2018 10:19:36">
    <Number ServiceNumber="80" MessageNumber="30" />
    <Text FeedbackText="Projekt-/Bibliotheksinformation der Vorgänger-Version wird gelesen." />
    <Help HelpId="-1" />
  </MessageCell>
  <MessageCell ServiceId="80" MessageId="30" MessageClass="Information" Timestamp="17.07.2018 10:19:36">
    <Number ServiceNumber="80" MessageNumber="30" />
    <Text FeedbackText="Daten werden in das neue Projekt/die neue Bibliothek importiert." />
    <Help HelpId="-1" />
  </MessageCell>
  <MessageCell ServiceId="80" MessageId="30" MessageClass="Information" Timestamp="17.07.2018 10:19:40">
    <Number ServiceNumber="80" MessageNumber="30" />
    <Text FeedbackText="Neues Projekt/Neue Bibliothek wird aktualisiert." />
    <Help HelpId="-1" />
  </MessageCell>
  <MessageCell ServiceId="80" MessageId="30" MessageClass="Information" Timestamp="17.07.2018 10:19:40">
    <Number ServiceNumber="80" MessageNumber="30" />
    <Text FeedbackText="Neues Projekt/Neue Bibliothek wird aktualisiert." />
    <Help HelpId="-1" />
  </MessageCell>
  <Details ServiceId="80" MessageId="30" Timestamp="17.07.2018 10:19:41" Debug="false">
    <Text>HmiConvert: Started conversion section.</Text>
  </Details>
  <Details ServiceId="80" MessageId="30" Timestamp="17.07.2018 10:19:41" Debug="false">
    <Text>HmiConvert: Starting conversion step &lt;Siemens.Simatic.Hmi.Device.DeviceManagers.Scan:Siemens.Simatic.Hmi.Utah.Device.Upgrade.DeviceConverter.ConvertHmiDeviceToV15&gt;.</Text>
  </Details>
  <Details ServiceId="80" MessageId="30" Timestamp="17.07.2018 10:19:41" Debug="false">
    <Text>HmiConvert: Finished conversion step &lt;Siemens.Simatic.Hmi.Device.DeviceManagers.Scan:Siemens.Simatic.Hmi.Utah.Device.Upgrade.DeviceConverter.ConvertHmiDeviceToV15&gt;.</Text>
  </Details>
  <Details ServiceId="80" MessageId="30" Timestamp="17.07.2018 10:19:41" Debug="false">
    <Text>HmiConvert: Starting conversion step &lt;Siemens.Simatic.Hmi.Styles.Managers.Scan:Siemens.Simatic.Hmi.Utah.Styles.HmiStyleConverter.ConvertHmiStyleFromV14ToV15&gt;.</Text>
  </Details>
  <Details ServiceId="80" MessageId="30" Timestamp="17.07.2018 10:19:41" Debug="false">
    <Text>HmiConvert: Finished conversion step &lt;Siemens.Simatic.Hmi.Styles.Managers.Scan:Siemens.Simatic.Hmi.Utah.Styles.HmiStyleConverter.ConvertHmiStyleFromV14ToV15&gt;.</Text>
  </Details>
  <Details ServiceId="80" MessageId="30" Timestamp="17.07.2018 10:19:41" Debug="false">
    <Text>HmiConvert is waiting for external dependency: Siemens.Simatic.Lang.SPLConvert</Text>
  </Details>
  <Details ServiceId="80" MessageId="30" Timestamp="17.07.2018 10:19:43" Debug="false">
    <Text>HmiConvert: Started conversion section.</Text>
  </Details>
  <Details ServiceId="80" MessageId="30" Timestamp="17.07.2018 10:19:43" Debug="false">
    <Text>HmiConvert: Starting conversion step &lt;Siemens.Simatic.Hmi.Tag.Managers.Scan:Siemens.Simatic.Hmi.Utah.Tag.V13AndV14TagsRepairer.RepairV13AndV14Tags&gt;.</Text>
  </Details>
  <Details ServiceId="80" MessageId="30" Timestamp="17.07.2018 10:19:43" Debug="false">
    <Text>HmiConvert: Finished conversion step &lt;Siemens.Simatic.Hmi.Tag.Managers.Scan:Siemens.Simatic.Hmi.Utah.Tag.V13AndV14TagsRepairer.RepairV13AndV14Tags&gt;.</Text>
  </Details>
  <Details ServiceId="80" MessageId="30" Timestamp="17.07.2018 10:19:43" Debug="false">
    <Text>HmiConvert: Starting conversion step &lt;Siemens.Simatic.Hmi.Communication.Managers.Scan:Siemens.Simatic.Hmi.Utah.Communication.AddressTypeSafeConverter.ConvertTypeSafeAddress&gt;.</Text>
  </Details>
  <Details ServiceId="80" MessageId="30" Timestamp="17.07.2018 10:19:43" Debug="false">
    <Text>HmiConvert: Finished conversion step &lt;Siemens.Simatic.Hmi.Communication.Managers.Scan:Siemens.Simatic.Hmi.Utah.Communication.AddressTypeSafeConverter.ConvertTypeSafeAddress&gt;.</Text>
  </Details>
  <Details ServiceId="80" MessageId="30" Timestamp="17.07.2018 10:19:43" Debug="false">
    <Text>HmiConvert: Starting conversion step &lt;Siemens.Simatic.Hmi.Communication.Managers.Scan:Siemens.Simatic.Hmi.Utah.Communication.OpcUaConverter.ConvertConnection&gt;.</Text>
  </Details>
  <Details ServiceId="80" MessageId="30" Timestamp="17.07.2018 10:19:43" Debug="false">
    <Text>HmiConvert: Finished conversion step &lt;Siemens.Simatic.Hmi.Communication.Managers.Scan:Siemens.Simatic.Hmi.Utah.Communication.OpcUaConverter.ConvertConnection&gt;.</Text>
  </Details>
  <Details ServiceId="80" MessageId="30" Timestamp="17.07.2018 10:19:43" Debug="false">
    <Text>HmiConvert: Starting conversion step &lt;Siemens.Simatic.Hmi.Globalization.Managers.Scan:Siemens.Simatic.Hmi.Utah.Globalization.NotUsedTextCategoryDeleter.DeleteNotUsedTextCategoriesInLibraryContext&gt;.</Text>
  </Details>
  <Details ServiceId="80" MessageId="30" Timestamp="17.07.2018 10:19:43" Debug="false">
    <Text>HmiConvert: Finished conversion step &lt;Siemens.Simatic.Hmi.Globalization.Managers.Scan:Siemens.Simatic.Hmi.Utah.Globalization.NotUsedTextCategoryDeleter.DeleteNotUsedTextCategoriesInLibraryContext&gt;.</Text>
  </Details>
  <Details ServiceId="80" MessageId="30" Timestamp="17.07.2018 10:19:43" Debug="false">
    <Text>HmiConvert: Starting conversion step &lt;Siemens.Simatic.Hmi.Globalization.Managers.Scan:Siemens.Simatic.Hmi.Utah.Globalization.TrefTextCategoryReplacer.TurnTRefCategoriesIntoRealOnes&gt;.</Text>
  </Details>
  <Details ServiceId="80" MessageId="30" Timestamp="17.07.2018 10:19:43" Debug="false">
    <Text>HmiConvert: Finished conversion step &lt;Siemens.Simatic.Hmi.Globalization.Managers.Scan:Siemens.Simatic.Hmi.Utah.Globalization.TrefTextCategoryReplacer.TurnTRefCategoriesIntoRealOnes&gt;.</Text>
  </Details>
  <Details ServiceId="80" MessageId="30" Timestamp="17.07.2018 10:19:43" Debug="false">
    <Text>HmiConvert: Starting conversion step &lt;Siemens.Simatic.Hmi.Globalization.Managers.Scan:Siemens.Simatic.Hmi.Utah.Globalization.CommentCategoryRepairer.RepairCommentCategoryLinks&gt;.</Text>
  </Details>
  <Details ServiceId="80" MessageId="30" Timestamp="17.07.2018 10:19:43" Debug="false">
    <Text>HmiConvert: Finished conversion step &lt;Siemens.Simatic.Hmi.Globalization.Managers.Scan:Siemens.Simatic.Hmi.Utah.Globalization.CommentCategoryRepairer.RepairCommentCategoryLinks&gt;.</Text>
  </Details>
  <Details ServiceId="80" MessageId="30" Timestamp="17.07.2018 10:19:43" Debug="false">
    <Text>HmiConvert: Starting conversion step &lt;Siemens.Simatic.Hmi.GraphX.GraphXManagers.Scan:Siemens.Simatic.Hmi.Utah.GraphX.PhaseConverter.DeleteTextFromGroups&gt;.</Text>
  </Details>
  <Details ServiceId="80" MessageId="30" Timestamp="17.07.2018 10:19:43" Debug="false">
    <Text>HmiConvert: Finished conversion step &lt;Siemens.Simatic.Hmi.GraphX.GraphXManagers.Scan:Siemens.Simatic.Hmi.Utah.GraphX.PhaseConverter.DeleteTextFromGroups&gt;.</Text>
  </Details>
  <Details ServiceId="80" MessageId="30" Timestamp="17.07.2018 10:19:43" Debug="false">
    <Text>HmiConvert: Starting conversion step &lt;Siemens.Simatic.Hmi.GraphX.GraphXManagers.Scan:Siemens.Simatic.Hmi.Utah.GraphX.PhaseConverter.RepairPointsCollectionOfScreenItems&gt;.</Text>
  </Details>
  <Details ServiceId="80" MessageId="30" Timestamp="17.07.2018 10:19:43" Debug="false">
    <Text>HmiConvert: Finished conversion step &lt;Siemens.Simatic.Hmi.GraphX.GraphXManagers.Scan:Siemens.Simatic.Hmi.Utah.GraphX.PhaseConverter.RepairPointsCollectionOfScreenItems&gt;.</Text>
  </Details>
  <Details ServiceId="80" MessageId="30" Timestamp="17.07.2018 10:19:43" Debug="false">
    <Text>HmiConvert: Starting conversion step &lt;Siemens.Simatic.Hmi.ScreenModules.Managers.Scan:Siemens.Simatic.Hmi.Utah.Modules.ScreenModules.PropertiesConverter.RepairAuthorizationPropertyInModuleDevice&gt;.</Text>
  </Details>
  <Details ServiceId="80" MessageId="30" Timestamp="17.07.2018 10:19:43" Debug="false">
    <Text>HmiConvert: Finished conversion step &lt;Siemens.Simatic.Hmi.ScreenModules.Managers.Scan:Siemens.Simatic.Hmi.Utah.Modules.ScreenModules.PropertiesConverter.RepairAuthorizationPropertyInModuleDevice&gt;.</Text>
  </Details>
  <Details ServiceId="80" MessageId="30" Timestamp="17.07.2018 10:19:43" Debug="false">
    <Text>HmiConvert: Starting conversion step &lt;Siemens.Simatic.Hmi.GraphX.Controls.Managers.Scan:Siemens.Simatic.Hmi.Utah.GraphX.Controls.ProDiagPhaseConverter.AddToolbarButtons&gt;.</Text>
  </Details>
  <Details ServiceId="80" MessageId="30" Timestamp="17.07.2018 10:19:43" Debug="false">
    <Text>HmiConvert: Finished conversion step &lt;Siemens.Simatic.Hmi.GraphX.Controls.Managers.Scan:Siemens.Simatic.Hmi.Utah.GraphX.Controls.ProDiagPhaseConverter.AddToolbarButtons&gt;.</Text>
  </Details>
  <Details ServiceId="80" MessageId="30" Timestamp="17.07.2018 10:19:43" Debug="false">
    <Text>HmiConvert: Starting conversion step &lt;Siemens.Simatic.Hmi.GraphX.Controls.Managers.Scan:Siemens.Simatic.Hmi.Utah.GraphX.Controls.ProDiagPhaseConverter.RepairToolbarButtons&gt;.</Text>
  </Details>
  <Details ServiceId="80" MessageId="30" Timestamp="17.07.2018 10:19:43" Debug="false">
    <Text>HmiConvert: Finished conversion step &lt;Siemens.Simatic.Hmi.GraphX.Controls.Managers.Scan:Siemens.Simatic.Hmi.Utah.GraphX.Controls.ProDiagPhaseConverter.RepairToolbarButtons&gt;.</Text>
  </Details>
  <Details ServiceId="80" MessageId="30" Timestamp="17.07.2018 10:19:43" Debug="false">
    <Text>HmiConvert: Starting conversion step &lt;Siemens.Simatic.Hmi.Tag.Managers.Scan:Siemens.Simatic.Hmi.Utah.Tag.RootTagConvertSynchronization.ResynchronizeRootTag&gt;.</Text>
  </Details>
  <Details ServiceId="80" MessageId="30" Timestamp="17.07.2018 10:19:43" Debug="false">
    <Text>HmiConvert: Finished conversion step &lt;Siemens.Simatic.Hmi.Tag.Managers.Scan:Siemens.Simatic.Hmi.Utah.Tag.RootTagConvertSynchronization.ResynchronizeRootTag&gt;.</Text>
  </Details>
  <Details ServiceId="80" MessageId="30" Timestamp="17.07.2018 10:19:43" Debug="false">
    <Text>HmiConvert: Finished conversion section.</Text>
  </Details>
  <MessageCell ServiceId="80" MessageId="30" MessageClass="Information" Timestamp="17.07.2018 10:19:45">
    <Number ServiceNumber="80" MessageNumber="30" />
    <Text FeedbackText="Neues Projekt/Neue Bibliothek wird aktualisiert." />
    <Help HelpId="-1" />
  </MessageCell>
  <MessageCell ServiceId="80" MessageId="30" MessageClass="Information" Timestamp="17.07.2018 10:19:45">
    <Number ServiceNumber="80" MessageNumber="30" />
    <Text FeedbackText="Die Querverweisinformationen werden konvertiert." />
    <Help HelpId="-1" />
  </MessageCell>
  <MessageCell ServiceId="80" MessageId="30" MessageClass="Information" Timestamp="17.07.2018 10:19:45">
    <Number ServiceNumber="80" MessageNumber="30" />
    <Text FeedbackText="Die Querverweisinformationen wurden erfolgreich erstellt" />
    <Help HelpId="-1" />
  </MessageCell>
  <MessageCell ServiceId="80" MessageId="30" MessageClass="Information" Timestamp="17.07.2018 10:19:45">
    <Number ServiceNumber="80" MessageNumber="30" />
    <Text FeedbackText="Das Konvertieren der Querverweisinformationen ist beendet." />
    <Help HelpId="-1" />
  </MessageCell>
  <MessageCell ServiceId="80" MessageId="30" MessageClass="Information" Timestamp="17.07.2018 10:19:45">
    <Number ServiceNumber="80" MessageNumber="30" />
    <Text FeedbackText="Veraltete Metadaten werden bereinigt." />
    <Help HelpId="-1" />
  </MessageCell>
  <Details ServiceId="80" MessageId="30" Timestamp="17.07.2018 10:19:45" Debug="false">
    <Text>Package container 'Siemens.Simatic.Lang.S7BSW.V14.0.0.0.NonMandatory' was deleted</Text>
  </Details>
  <Details ServiceId="80" MessageId="30" Timestamp="17.07.2018 10:19:45" Debug="false">
    <Text>Package container 'HW.HMI.Device.BasicPanels.KTP600BasicPN_11.0.0' was deleted</Text>
  </Details>
  <MessageCell ServiceId="80" MessageId="30" MessageClass="Information" Timestamp="17.07.2018 10:19:45">
    <Number ServiceNumber="80" MessageNumber="30" />
    <Text FeedbackText="Hochgerüstetes Projekt/Hochgerüstete Bibliothek wird gespeichert." />
    <Help HelpId="-1" />
  </MessageCell>
  <MessageCell ServiceId="80" MessageId="30" MessageClass="Information" Timestamp="17.07.2018 10:19:46">
    <Number ServiceNumber="80" MessageNumber="30" />
    <Text FeedbackText="Hochgerüstetes Projekt/Hochgerüstete Bibliothek wird gespeichert." />
    <Help HelpId="-1" />
  </MessageCell>
  <MessageCell ServiceId="Automation-ObjectFrame-Feedbacks" MessageId="ConversionInfoTabProjectSucceeded" MessageClass="Success" Timestamp="17.07.2018 10:19:46">
    <Number ServiceNumber="80" MessageNumber="34" />
    <Text FeedbackText="Projekt 'C:\Aktualisierung AWB TIA V15\63696870_Aktualisierung TIA V15\V20_at_S7-1200_MB_proj_V14\System\PEData.plf' wurde erfolgreich hochgerüstet und gespeichert als Projekt 'C:\Aktualisierung AWB TIA V15\63696870_Aktualisierung TIA V15\V20_at_S7-1200_MB_proj_V14_V15\System\PEData.plf'." />
    <Help HelpId="-1" HelpFile="" />
  </MessageCell>
</LogFile>