<?xml version="1.0" encoding="utf-8"?>
<?xml-stylesheet type='text/xsl' href='ConversionLogFile.xsl'?>
<LogFile projectName="V20_at_S7-1200_MB_proj_V13_V13_SP1" typeText="Typ" messageText="Meldung" timeText="Zeit">
  <MessageCell ServiceId="80" MessageId="30" MessageClass="Information" Timestamp="27.10.2016 12:49:14">
    <Number ServiceNumber="80" MessageNumber="30" />
    <Text FeedbackText="Hochrüsten gestartet" />
    <Help HelpId="-1" />
  </MessageCell>
  <MessageCell ServiceId="80" MessageId="30" MessageClass="Information" Timestamp="27.10.2016 12:49:14">
    <Number ServiceNumber="80" MessageNumber="30" />
    <Text FeedbackText="Projekt-/Bibliotheksinformation der Vorgänger-Version wird gelesen." />
    <Help HelpId="-1" />
  </MessageCell>
  <MessageCell ServiceId="80" MessageId="30" MessageClass="Information" Timestamp="27.10.2016 12:49:21">
    <Number ServiceNumber="80" MessageNumber="30" />
    <Text FeedbackText="Neues Projekt/Neue Bibliothek wird aktualisiert." />
    <Help HelpId="-1" />
  </MessageCell>
  <MessageCell ServiceId="80" MessageId="30" MessageClass="Information" Timestamp="27.10.2016 12:49:25">
    <Number ServiceNumber="80" MessageNumber="30" />
    <Text FeedbackText="Neues Projekt/Neue Bibliothek wird aktualisiert." />
    <Help HelpId="-1" />
  </MessageCell>
  <Details ServiceId="80" MessageId="30" Timestamp="27.10.2016 12:49:29" Debug="false">
    <Text>Die Konvertierung des S7-Programms für CPU "Master" wird vorbereitet.</Text>
  </Details>
  <Details ServiceId="80" MessageId="30" Timestamp="27.10.2016 12:49:29" Debug="false">
    <Text>Konvertierung beendet.</Text>
  </Details>
  <Details ServiceId="80" MessageId="30" Timestamp="27.10.2016 12:49:31" Debug="false">
    <Text>Das S7-Programm wird für CPU "Master" konvertiert.</Text>
  </Details>
  <Details ServiceId="80" MessageId="30" Timestamp="27.10.2016 12:49:48" Debug="false">
    <Text>Konvertierung beendet.</Text>
  </Details>
  <MessageCell ServiceId="80" MessageId="30" MessageClass="Information" Timestamp="27.10.2016 12:49:51">
    <Number ServiceNumber="80" MessageNumber="30" />
    <Text FeedbackText="Neues Projekt/Neue Bibliothek wird aktualisiert." />
    <Help HelpId="-1" />
  </MessageCell>
  <MessageCell ServiceId="80" MessageId="30" MessageClass="Information" Timestamp="27.10.2016 12:49:51">
    <Number ServiceNumber="80" MessageNumber="30" />
    <Text FeedbackText="Hochgerüstetes Projekt/Hochgerüstete Bibliothek wird gespeichert." />
    <Help HelpId="-1" />
  </MessageCell>
  <MessageCell ServiceId="Automation-ObjectFrame-Feedbacks" MessageId="ConversionInfoTabProjectSucceeded" MessageClass="Success" Timestamp="27.10.2016 12:49:51">
    <Number ServiceNumber="80" MessageNumber="34" />
    <Text FeedbackText="Projekt 'V20_at_S7-1200_MB_proj_V13' wurde erfolgreich hochgerüstet und gespeichert als Projekt 'V20_at_S7-1200_MB_proj_V13_V13_SP1'." />
    <Help HelpId="-1" HelpFile="" />
  </MessageCell>
</LogFile>